{"mae": 0.9673262672424318, "rmse": 1.068140201482509, "forecast_horizon": "60 minutes"}