{"accuracy": 0.9834983498349835, "precision": 0.8, "recall": 0.7272727272727273, "f1_score": 0.761904761904762, "auc": 0.9371108343711083}